Products, Price, Caloire Info 
McCafé - Australiano Chai Coffee , $4.80, 857kJ  
Medium Australiano Chai Coffee  McCafé, $5.40, 1310kJ  
Large Australiano Chai Coffee  McCafé, $6.05, 1720kJ  
McCafé - Iced Australiano Chai Coffee, $5.55, 671kJ  
Medium Iced Australiano Chai Coffee McCafé, $6.45, 1070kJ  
Large Iced Australiano Chai Coffee McCafé, $6.95, 1600kJ  
McCafé - Cappuccino, $4.20, 504kJ  
Medium Cappuccino McCafe, $4.80, 690kJ  
Large Cappuccino McCafe, $5.45, 776kJ  
McCafé - Flat White, $4.20, 487kJ  
Medium Flat White McCafe, $4.80, 702kJ  
Large Flat White McCafe, $5.45, 759kJ  
McCafé - Iced Long Black, $4.35, 1kJ  
Medium Iced Long Black - McCafé, $5.25, 1kJ  
Large Iced Long Black - McCafé, $5.75, 2kJ  
McCafé - Hot Chocolate, $4.10, 1010kJ  
Medium Hot Chocolate McCafé, $4.85, 1500kJ  
Large Hot Chocolate McCafé, $5.45, 1990kJ  
McCafé - Latte, $4.20, 473kJ  
Medium Latté McCafe, $4.80, 687kJ  
Large Latté McCafe, $5.45, 745kJ  
McCafé - Iced Chai Latte, $4.20, 996kJ  
Medium Iced Chai Latte McCafé, $6.40, 1690kJ  
Large Iced Chai Latte McCafé, $6.95, 2210kJ  
McCafé - Mocha, $4.55, 883kJ  
Medium Mocha McCafe, $5.50, 1190kJ  
Large Mocha McCafe, $5.95, 1490kJ  
Piccolo Latte, $3.25, 172kJ  
McCafé - Iced Long Black, $4.35, 1kJ  
Medium Iced Long Black - McCafé, $5.25, 1kJ  
Large Iced Long Black - McCafé, $5.75, 2kJ  
McCafé - Iced Latte, $4.35, 875kJ  
Medium Iced Latté McCafé, $5.25, 1310kJ  
Large Iced Latté McCafé, $5.75, 1750kJ  
Zoetic Green Tea, $3.85, 23kJ  
