Products, Price, Caloire Info 
McCafé - Australiano Chai Coffee , $4.80, 857kJ  
McCafé - Iced Australiano Chai Coffee, $5.80, 671kJ  
McCafé - Cappuccino, $4.20, 504kJ  
Medium Cappuccino McCafe, $4.80, 690kJ  
Large Cappuccino McCafe, $5.20, 776kJ  
McCafé - Flat White, $4.20, 487kJ  
Medium Flat White McCafe, $4.80, 702kJ  
Large Flat White McCafe, $5.20, 759kJ  
McCafé - Iced Long Black, $4.60, 1kJ  
Medium Iced Long Black - McCafé, $5.00, 1kJ  
Large Iced Long Black - McCafé, $5.40, 2kJ  
McCafé - Hot Chocolate, $3.95, 1010kJ  
Medium Hot Chocolate McCafé, $4.35, 1500kJ  
Large Hot Chocolate McCafé, $4.75, 1990kJ  
McCafé - Latte, $4.20, 473kJ  
Medium Latté McCafe, $4.80, 687kJ  
Large Latté McCafe, $5.20, 745kJ  
McCafé - Chai Latte, $3.70, 756kJ  
Medium Chai Latte McCafé, $4.15, 1250kJ  
Large Chai Latte McCafé, $4.65, 1750kJ  
McCafé - Mocha, $4.45, 883kJ  
Medium Mocha McCafe, $5.00, 1190kJ  
Large Mocha McCafe, $5.35, 1490kJ  
Piccolo Latte, $3.20, 172kJ  
McCafé - Iced Long Black, $4.60, 1kJ  
Medium Iced Long Black - McCafé, $5.00, 1kJ  
Large Iced Long Black - McCafé, $5.40, 2kJ  
McCafé - Iced Latte, $4.60, 875kJ  
Medium Iced Latté McCafé, $5.00, 1310kJ  
Large Iced Latté McCafé, $5.40, 1750kJ  
Zoetic Green Tea, $3.55, 23kJ  
