Products, Price, Caloire Info 
Classic Angus, $9.15, 2990kJ  
Medium Classic Angus Meal, $13.55, 2990kJ  
Small Classic Angus Meal, $12.75, 2990kJ  
Large Classic Angus Meal, $14.35, 2990kJ  
Quarter Pounder, $7.10, 2250kJ  
Medium Quarter Pounder Meal, $12.40, 2250kJ  
Small Quarter Pounder Meal, $11.60, 2250kJ  
Large Quarter Pounder Meal, $13.20, 2250kJ  
Big Mac, $7.10, 2360kJ  
Medium Big Mac Meal, $12.10, 2360kJ  
Small Big Mac Meal, $11.30, 2360kJ  
Large Big Mac Meal, $12.90, 2360kJ  
Cheeseburger, $4.15, 1260kJ  
Medium Cheeseburger Meal, $8.55, 1260kJ  
Small Cheeseburger Meal, $7.75, 1260kJ  
Large Cheeseburger Meal, $9.35, 1260kJ  
Chicken McNuggets - 6pc, $6.75, 1090kJ  
Medium 6pc Chicken McNuggets Meal, $10.85, 1090kJ  
Small 6pc Chicken McNuggets Meal, $10.05, 1090kJ  
Large 6pc Chicken McNuggets Meal, $11.65, 1090kJ  
OREO® McFlurry, $4.00, 1380kJ  
McCafé - Latte, $4.10, 473kJ  
Medium Latté McCafe, $4.80, 687kJ  
Large Latté McCafe, $5.25, 745kJ  
McCafé - Mocha, $4.40, 883kJ  
Medium Mocha McCafe, $5.15, 1190kJ  
Large Mocha McCafe, $5.70, 1490kJ  
McCafé - Iced Latte, $4.20, 875kJ  
Medium Iced Latté McCafé, $4.85, 1310kJ  
Large Iced Latté McCafé, $5.45, 1750kJ  
McCafé - Iced Mocha, $4.70, 1090kJ  
Medium Iced Mocha McCafé, $5.20, 1740kJ  
Large Iced Mocha McCafé, $5.95, 2390kJ  
Bacon & Egg McMuffin, $5.45, 1230kJ  
Bacon & Egg McMuffin McValue Meal, $10.15, 1868kJ  
Sausage & Egg McMuffin, $5.55, 1560kJ  
Sausage & Egg McMuffin Meal, $10.20, 2198kJ  
