Products, Price, Caloire Info 
Classic Angus, $8.65, 2990kJ  
Medium Classic Angus Meal, $13.60, 2990kJ  
Small Classic Angus Meal, $12.80, 2990kJ  
Large Classic Angus Meal, $14.40, 2990kJ  
Quarter Pounder, $7.40, 2250kJ  
Medium Quarter Pounder Meal, $12.40, 2250kJ  
Small Quarter Pounder Meal, $11.60, 2250kJ  
Large Quarter Pounder Meal, $13.20, 2250kJ  
Big Mac, $6.85, 2360kJ  
Medium Big Mac Meal, $11.75, 2360kJ  
Small Big Mac Meal, $10.95, 2360kJ  
Large Big Mac Meal, $12.55, 2360kJ  
Cheeseburger, $4.35, 1260kJ  
Medium Cheeseburger Meal, $8.40, 1260kJ  
Small Cheeseburger Meal, $7.60, 1260kJ  
Large Cheeseburger Meal, $9.20, 1260kJ  
Chicken McNuggets - 6pc, $7.40, 1090kJ  
Medium 6pc Chicken McNuggets Meal, $11.35, 1090kJ  
Small 6pc Chicken McNuggets Meal, $10.55, 1090kJ  
Large 6pc Chicken McNuggets Meal, $12.15, 1090kJ  
OREO® McFlurry, $4.00, 1380kJ  
McCafé - Latte, $4.15, 473kJ  
Medium Latté McCafe, $4.95, 687kJ  
Large Latté McCafe, $5.35, 745kJ  
McCafé - Mocha, $4.45, 883kJ  
Medium Mocha McCafe, $5.25, 1190kJ  
Large Mocha McCafe, $5.80, 1490kJ  
McCafé - Iced Latte, $4.45, 875kJ  
Medium Iced Latté McCafé, $5.00, 1310kJ  
Large Iced Latté McCafé, $5.55, 1750kJ  
McCafé - Iced Mocha, $4.95, 1090kJ  
Medium Iced Mocha McCafé, $5.35, 1740kJ  
Large Iced Mocha McCafé, $6.00, 2390kJ  
Bacon & Egg McMuffin, $5.30, 1230kJ  
Bacon & Egg McMuffin McValue Meal, $10.50, 1868kJ  
Sausage & Egg McMuffin, $5.50, 1560kJ  
Sausage & Egg McMuffin Meal, $10.35, 2198kJ  
