Products, Price, Caloire Info 
Classic Angus, $9.10, 2990kJ  
Medium Classic Angus Meal, $13.20, 2990kJ  
Small Classic Angus Meal, $12.40, 2990kJ  
Small Classic Angus Meal, $12.40, 2990kJ  
Quarter Pounder, $7.00, 2250kJ  
Medium Quarter Pounder Meal, $12.10, 2250kJ  
Small Quarter Pounder Meal, $11.30, 2250kJ  
Large Quarter Pounder Meal, $12.90, 2250kJ  
Big Mac, $6.75, 2360kJ  
Medium Big Mac Meal, $12.00, 2360kJ  
Small Big Mac Meal, $11.20, 2360kJ  
Large Big Mac Meal, $12.80, 2360kJ  
Cheeseburger, $4.00, 1260kJ  
Medium Cheeseburger Meal, $7.85, 1260kJ  
Small Cheeseburger Meal, $7.05, 1260kJ  
Small Cheeseburger Meal, $7.05, 1260kJ  
Chicken McNuggets - 6pc, $6.70, 1090kJ  
Medium 6pc Chicken McNuggets Meal, $10.75, 1090kJ  
Medium 6pc Chicken McNuggets Meal, $9.95, 1090kJ  
Small 6pc Chicken McNuggets Meal, $9.95, 1090kJ  
Crème Brulée McFlurry, $4.00, 2740kJ  
McCafé - Latte, $4.20, 473kJ  
Medium Latté McCafe, $4.90, 687kJ  
Large Latté McCafe, $5.55, 745kJ  
McCafé - Mocha, $4.65, 883kJ  
Medium Mocha McCafe, $5.40, 1190kJ  
Large Mocha McCafe, $5.85, 1490kJ  
McCafé - Iced Latte, $4.40, 875kJ  
Medium Iced Latté McCafé, $5.10, 1310kJ  
Large Iced Latté McCafé, $5.80, 1750kJ  
McCafé - Iced Mocha, $5.20, 1090kJ  
Medium Iced Mocha McCafé, $5.85, 1740kJ  
Large Iced Mocha McCafé, $6.45, 2390kJ  
Bacon & Egg McMuffin, $4.85, 1230kJ  
Bacon & Egg McMuffin McValue Meal, $9.75, 1868kJ  
Sausage & Egg McMuffin, $5.20, 1560kJ  
Sausage & Egg McMuffin Meal, $9.90, 2198kJ  
