Products, Price, Caloire Info 
Classic Angus, $9.35, 2990kJ  
Medium Classic Angus Meal, $13.70, 2990kJ  
Small Classic Angus Meal, $12.90, 2990kJ  
Large Classic Angus Meal, $14.50, 2990kJ  
Quarter Pounder, $7.40, 2250kJ  
Medium Quarter Pounder Meal, $12.30, 2250kJ  
Small Quarter Pounder Meal, $11.50, 2250kJ  
Large Quarter Pounder Meal, $13.10, 2250kJ  
Big Mac, $7.25, 2360kJ  
Medium Big Mac Meal, $12.00, 2360kJ  
Small Big Mac Meal, $11.20, 2360kJ  
Small Big Mac Meal, $11.20, 2360kJ  
Cheeseburger, $4.10, 1260kJ  
Medium Cheeseburger Meal, $8.30, 1260kJ  
Small Cheeseburger Meal, $7.50, 1260kJ  
Large Cheeseburger Meal, $9.10, 1260kJ  
Chicken McNuggets - 6pc, $6.95, 1090kJ  
Medium 6pc Chicken McNuggets Meal, $11.40, 1090kJ  
Small 6pc Chicken McNuggets Meal, $10.60, 1090kJ  
Large 6pc Chicken McNuggets Meal, $12.20, 1090kJ  
OREO® McFlurry, $4.00, 1380kJ  
McCafé - Latte, $4.30, 473kJ  
Medium Latté McCafe, $4.90, 687kJ  
Large Latté McCafe, $5.35, 745kJ  
McCafé - Mocha, $4.45, 883kJ  
Medium Mocha McCafe, $5.15, 1190kJ  
Large Mocha McCafe, $5.60, 1490kJ  
McCafé - Iced Latte, $4.50, 875kJ  
Medium Iced Latté McCafé, $5.25, 1310kJ  
Large Iced Latté McCafé, $5.55, 1750kJ  
McCafé - Iced Mocha, $5.10, 1090kJ  
Medium Iced Mocha McCafé, $5.65, 1740kJ  
Large Iced Mocha McCafé, $5.95, 2390kJ  
Bacon & Egg McMuffin, $5.40, 1230kJ  
Bacon & Egg McMuffin McValue Meal, $10.50, 1868kJ  
Sausage & Egg McMuffin, $5.55, 1560kJ  
Sausage & Egg McMuffin Meal, $10.45, 2198kJ  
