Products, Price, Caloire Info 
Classic Angus, $8.90, 2990kJ  
Medium Classic Angus Meal, $12.95, 2990kJ  
Small Classic Angus Meal, $12.15, 2990kJ  
Large Classic Angus Meal, $13.75, 2990kJ  
Quarter Pounder, $6.80, 2250kJ  
Medium Quarter Pounder Meal, $11.90, 2250kJ  
Small Quarter Pounder Meal, $11.10, 2250kJ  
Large Quarter Pounder Meal, $12.70, 2250kJ  
Big Mac, $6.90, 2360kJ  
Medium Big Mac Meal, $11.30, 2360kJ  
Small Big Mac Meal, $10.50, 2360kJ  
Large Big Mac Meal, $12.10, 2360kJ  
Cheeseburger, $3.80, 1260kJ  
Medium Cheeseburger Meal, $7.95, 1260kJ  
Small Cheeseburger Meal, $7.15, 1260kJ  
Large Cheeseburger Meal, $8.75, 1260kJ  
Chicken McNuggets - 6pc, $6.50, 1090kJ  
Medium 6pc Chicken McNuggets Meal, $10.60, 1090kJ  
Small 6pc Chicken McNuggets Meal, $9.80, 1090kJ  
Large 6pc Chicken McNuggets Meal, $11.40, 1090kJ  
OREO® McFlurry, $4.00, 1380kJ  
McCafé - Latte, $3.95, 473kJ  
Medium Latté McCafe, $4.55, 687kJ  
Large Latté McCafe, $4.90, 745kJ  
McCafé - Mocha, $4.15, 883kJ  
Medium Mocha McCafe, $4.85, 1190kJ  
Large Mocha McCafe, $5.25, 1490kJ  
McCafé - Iced Latte, $4.10, 875kJ  
Medium Iced Latté McCafé, $4.95, 1310kJ  
Large Iced Latté McCafé, $5.25, 1750kJ  
McCafé - Iced Mocha, $4.50, 1090kJ  
Medium Iced Mocha McCafé, $5.25, 1740kJ  
Large Iced Mocha McCafé, $5.55, 2390kJ  
Bacon & Egg McMuffin, $5.00, 1230kJ  
Bacon & Egg McMuffin McValue Meal, $9.70, 1868kJ  
Sausage & Egg McMuffin, $4.95, 1560kJ  
Sausage & Egg McMuffin Meal, $9.75, 2198kJ  
