Products, Price, Caloire Info 
Classic Angus, $9.30, 2990kJ  
Medium Classic Angus Meal, $13.35, 2990kJ  
Small Classic Angus Meal, $12.55, 2990kJ  
Large Classic Angus Meal, $14.15, 2990kJ  
Quarter Pounder, $7.30, 2250kJ  
Medium Quarter Pounder Meal, $12.45, 2250kJ  
Small Quarter Pounder Meal, $11.65, 2250kJ  
Large Quarter Pounder Meal, $13.25, 2250kJ  
Big Mac, $7.10, 2360kJ  
Medium Big Mac Meal, $12.20, 2360kJ  
Small Big Mac Meal, $11.40, 2360kJ  
Large Big Mac Meal, $13.00, 2360kJ  
Cheeseburger, $4.20, 1260kJ  
Medium Cheeseburger Meal, $8.10, 1260kJ  
Small Cheeseburger Meal, $7.30, 1260kJ  
Large Cheeseburger Meal, $8.90, 1260kJ  
Chicken McNuggets - 6pc, $6.55, 1090kJ  
Medium 6pc Chicken McNuggets Meal, $10.80, 1090kJ  
Small 6pc Chicken McNuggets Meal, $10.00, 1090kJ  
Large 6pc Chicken McNuggets Meal, $11.60, 1090kJ  
OREO® McFlurry, $4.00, 1380kJ  
McCafé - Latte, $4.10, 473kJ  
Medium Latté McCafe, $4.80, 687kJ  
Large Latté McCafe, $5.20, 745kJ  
McCafé - Mocha, $4.25, 883kJ  
Medium Mocha McCafe, $5.10, 1190kJ  
Large Mocha McCafe, $5.55, 1490kJ  
McCafé - Iced Latte, $4.30, 875kJ  
Medium Iced Latté McCafé, $4.90, 1310kJ  
Large Iced Latté McCafé, $5.40, 1750kJ  
McCafé - Iced Mocha, $4.55, 1090kJ  
Medium Iced Mocha McCafé, $5.20, 1740kJ  
Large Iced Mocha McCafé, $5.90, 2390kJ  
Bacon & Egg McMuffin, $5.35, 1230kJ  
Bacon & Egg McMuffin McValue Meal, $10.20, 1868kJ  
Sausage & Egg McMuffin, $5.60, 1560kJ  
Sausage & Egg McMuffin Meal, $10.35, 2198kJ  
