Products, Price, Caloire Info 
Classic Angus, $8.85, 2990kJ  
Medium Classic Angus Meal, $13.45, 2990kJ  
Small Classic Angus Meal, $12.65, 2990kJ  
Large Classic Angus Meal, $14.25, 2990kJ  
Quarter Pounder, $7.15, 2250kJ  
Medium Quarter Pounder Meal, $12.20, 2250kJ  
Small Quarter Pounder Meal, $11.40, 2250kJ  
Large Quarter Pounder Meal, $13.00, 2250kJ  
Big Mac, $6.70, 2360kJ  
Medium Big Mac Meal, $11.75, 2360kJ  
Small Big Mac Meal, $10.95, 2360kJ  
Large Big Mac Meal, $12.55, 2360kJ  
Cheeseburger, $4.00, 1260kJ  
Medium Cheeseburger Meal, $7.90, 1260kJ  
Small Cheeseburger Meal, $7.10, 1260kJ  
Large Cheeseburger Meal, $8.70, 1260kJ  
Chicken McNuggets - 6pc, $7.00, 1090kJ  
Medium 6pc Chicken McNuggets Meal, $11.30, 1090kJ  
Small 6pc Chicken McNuggets Meal, $10.50, 1090kJ  
Large 6pc Chicken McNuggets Meal, $12.10, 1090kJ  
OREO® McFlurry, $4.00, 1380kJ  
McCafé - Latte, $4.10, 473kJ  
Medium Latté McCafe, $4.80, 687kJ  
Large Latté McCafe, $5.30, 745kJ  
McCafé - Mocha, $4.35, 883kJ  
Medium Mocha McCafe, $5.10, 1190kJ  
Large Mocha McCafe, $5.65, 1490kJ  
McCafé - Iced Latte, $4.30, 875kJ  
Medium Iced Latté McCafé, $4.85, 1310kJ  
Large Iced Latté McCafé, $5.45, 1750kJ  
McCafé - Iced Mocha, $4.60, 1090kJ  
Medium Iced Mocha McCafé, $5.15, 1740kJ  
Large Iced Mocha McCafé, $5.80, 2390kJ  
Bacon & Egg McMuffin, $5.30, 1230kJ  
Bacon & Egg McMuffin McValue Meal, $10.40, 1868kJ  
Sausage & Egg McMuffin, $5.45, 1560kJ  
Sausage & Egg McMuffin Meal, $10.15, 2198kJ  
