Products, Price, Caloire Info 
Classic Angus, $9.10, 2990kJ  
Medium Classic Angus Meal, $13.50, 2990kJ  
Small Classic Angus Meal, $12.70, 2990kJ  
Large Classic Angus Meal, $14.30, 2990kJ  
Quarter Pounder, $7.25, 2250kJ  
Medium Quarter Pounder Meal, $12.70, 2250kJ  
Small Quarter Pounder Meal, $11.90, 2250kJ  
Large Quarter Pounder Meal, $13.50, 2250kJ  
Big Mac, $7.10, 2360kJ  
Medium Big Mac Meal, $12.45, 2360kJ  
Small Big Mac Meal, $11.65, 2360kJ  
Large Big Mac Meal, $13.25, 2360kJ  
Cheeseburger, $4.20, 1260kJ  
Medium Cheeseburger Meal, $8.30, 1260kJ  
Small Cheeseburger Meal, $7.50, 1260kJ  
Large Cheeseburger Meal, $9.10, 1260kJ  
Chicken McNuggets - 6pc, $6.60, 1090kJ  
Medium 6pc Chicken McNuggets Meal, $11.20, 1090kJ  
Small 6pc Chicken McNuggets Meal, $10.40, 1090kJ  
Large 6pc Chicken McNuggets Meal, $12.00, 1090kJ  
OREO® McFlurry, $4.00, 1380kJ  
McCafé - Latte, $4.15, 473kJ  
Medium Latté McCafe, $4.80, 687kJ  
Large Latté McCafe, $5.20, 745kJ  
McCafé - Mocha, $4.35, 883kJ  
Medium Mocha McCafe, $4.85, 1190kJ  
Large Mocha McCafe, $5.35, 1490kJ  
McCafé - Iced Latte, $4.35, 875kJ  
Medium Iced Latté McCafé, $4.90, 1310kJ  
Large Iced Latté McCafé, $5.40, 1750kJ  
McCafé - Iced Mocha, $4.70, 1090kJ  
Medium Iced Mocha McCafé, $5.25, 1740kJ  
Large Iced Mocha McCafé, $5.70, 2390kJ  
Bacon & Egg McMuffin, $5.20, 1230kJ  
Bacon & Egg McMuffin McValue Meal, $10.00, 1868kJ  
Sausage & Egg McMuffin, $5.00, 1560kJ  
Sausage & Egg McMuffin Meal, $10.25, 2198kJ  
