Products, Price, Caloire Info 
Classic Angus, $9.10, 2990kJ  
Medium Classic Angus Meal, $13.35, 2990kJ  
Medium Classic Angus Meal, $12.55, 2990kJ  
Large Classic Angus Meal, $14.15, 2990kJ  
Quarter Pounder, $7.15, 2250kJ  
Medium Quarter Pounder Meal, $12.00, 2250kJ  
Medium Quarter Pounder Meal, $11.20, 2250kJ  
Small Quarter Pounder Meal, $11.20, 2250kJ  
Big Mac, $7.10, 2360kJ  
Medium Big Mac Meal, $11.75, 2360kJ  
Small Big Mac Meal, $10.95, 2360kJ  
Small Big Mac Meal, $12.55, 2360kJ  
Cheeseburger, $4.00, 1260kJ  
Medium Cheeseburger Meal, $7.75, 1260kJ  
Small Cheeseburger Meal, $6.95, 1260kJ  
Large Cheeseburger Meal, $8.55, 1260kJ  
Chicken McNuggets - 6pc, $6.75, 1090kJ  
Medium 6pc Chicken McNuggets Meal, $10.90, 1090kJ  
Small 6pc Chicken McNuggets Meal, $10.10, 1090kJ  
Small 6pc Chicken McNuggets Meal, $11.70, 1090kJ  
OREO® McFlurry, $4.00, 1380kJ  
McCafé - Latte, $4.00, 473kJ  
Medium Latté McCafe, $4.50, 687kJ  
Large Latté McCafe, $5.10, 745kJ  
McCafé - Mocha, $4.45, 883kJ  
Medium Mocha McCafe, $4.95, 1190kJ  
Large Mocha McCafe, $5.25, 1490kJ  
McCafé - Iced Latte, $4.45, 875kJ  
Medium Iced Latté McCafé, $4.90, 1310kJ  
Large Iced Latté McCafé, $5.60, 1750kJ  
McCafé - Iced Mocha, $5.00, 1090kJ  
Medium Iced Mocha McCafé, $5.55, 1740kJ  
Large Iced Mocha McCafé, $6.00, 2390kJ  
Bacon & Egg McMuffin, $5.10, 1230kJ  
Bacon & Egg McMuffin McValue Meal, $9.70, 1868kJ  
Sausage & Egg McMuffin, $5.30, 1560kJ  
Sausage & Egg McMuffin Meal, $10.10, 2198kJ  
