Products, Price, Caloire Info 
Classic Angus, $8.95, 2990kJ  
Medium Classic Angus Meal, $13.20, 2990kJ  
Small Classic Angus Meal, $12.40, 2990kJ  
Large Classic Angus Meal, $14.00, 2990kJ  
Quarter Pounder, $6.95, 2250kJ  
Medium Quarter Pounder Meal, $11.85, 2250kJ  
Small Quarter Pounder Meal, $11.05, 2250kJ  
Large Quarter Pounder Meal, $12.65, 2250kJ  
Big Mac, $6.80, 2360kJ  
Medium Big Mac Meal, $11.55, 2360kJ  
Small Big Mac Meal, $10.75, 2360kJ  
Large Big Mac Meal, $12.35, 2360kJ  
Cheeseburger, $4.00, 1260kJ  
Medium Cheeseburger Meal, $7.80, 1260kJ  
Small Cheeseburger Meal, $7.00, 1260kJ  
Large Cheeseburger Meal, $8.60, 1260kJ  
Chicken McNuggets - 6pc, $6.55, 1090kJ  
Medium 6pc Chicken McNuggets Meal, $10.90, 1090kJ  
Small 6pc Chicken McNuggets Meal, $10.10, 1090kJ  
Large 6pc Chicken McNuggets Meal, $11.70, 1090kJ  
OREO® McFlurry, $4.00, 1380kJ  
McCafé - Latte, $3.95, 473kJ  
Medium Latté McCafe, $4.70, 687kJ  
Large Latté McCafe, $5.20, 745kJ  
McCafé - Mocha, $4.45, 883kJ  
Medium Mocha McCafe, $4.95, 1190kJ  
Large Mocha McCafe, $5.25, 1490kJ  
McCafé - Iced Latte, $4.25, 875kJ  
Medium Iced Latté McCafé, $4.85, 1310kJ  
Large Iced Latté McCafé, $5.60, 1750kJ  
McCafé - Iced Mocha, $4.70, 1090kJ  
Medium Iced Mocha McCafé, $5.45, 1740kJ  
Large Iced Mocha McCafé, $6.20, 2390kJ  
Bacon & Egg McMuffin, $5.00, 1230kJ  
Bacon & Egg McMuffin McValue Meal, $9.60, 1868kJ  
Sausage & Egg McMuffin, $5.20, 1560kJ  
Sausage & Egg McMuffin Meal, $9.75, 2198kJ  
