Products, Price, Caloire Info 
Classic Angus, $9.20, 2990kJ  
Medium Classic Angus Meal, $13.45, 2990kJ  
Small Classic Angus Meal, $12.65, 2990kJ  
Large Classic Angus Meal, $14.25, 2990kJ  
Quarter Pounder, $7.20, 2250kJ  
Medium Quarter Pounder Meal, $12.00, 2250kJ  
Small Quarter Pounder Meal, $11.20, 2250kJ  
Large Quarter Pounder Meal, $12.80, 2250kJ  
Big Mac, $7.00, 2360kJ  
Medium Big Mac Meal, $11.75, 2360kJ  
Small Big Mac Meal, $10.95, 2360kJ  
Large Big Mac Meal, $12.55, 2360kJ  
Cheeseburger, $4.10, 1260kJ  
Medium Cheeseburger Meal, $8.15, 1260kJ  
Small Cheeseburger Meal, $7.35, 1260kJ  
Large Cheeseburger Meal, $8.95, 1260kJ  
Chicken McNuggets - 6pc, $6.75, 1090kJ  
Medium 6pc Chicken McNuggets Meal, $11.10, 1090kJ  
Small 6pc Chicken McNuggets Meal, $10.30, 1090kJ  
Large 6pc Chicken McNuggets Meal, $11.90, 1090kJ  
OREO® McFlurry, $4.00, 1380kJ  
McCafé - Latte, $4.15, 473kJ  
Medium Latté McCafe, $4.80, 687kJ  
Large Latté McCafe, $5.20, 745kJ  
McCafé - Mocha, $4.35, 883kJ  
Medium Mocha McCafe, $5.20, 1190kJ  
Large Mocha McCafe, $5.65, 1490kJ  
McCafé - Iced Latte, $4.30, 875kJ  
Medium Iced Latté McCafé, $4.85, 1310kJ  
Medium Iced Latté McCafé, $4.85, 1310kJ  
McCafé - Iced Mocha, $4.80, 1090kJ  
Medium Iced Mocha McCafé, $5.25, 1740kJ  
Medium Iced Mocha McCafé, $5.25, 1740kJ  
Bacon & Egg McMuffin, $5.15, 1230kJ  
Bacon & Egg McMuffin McValue Meal, $9.95, 1868kJ  
Sausage & Egg McMuffin, $5.35, 1560kJ  
Sausage & Egg McMuffin Meal, $10.00, 2198kJ  
