Products, Price, Caloire Info 
Classic Angus, $8.90, 2990kJ  
Medium Classic Angus Meal, $13.65, 2990kJ  
Small Classic Angus Meal, $12.85, 2990kJ  
Large Classic Angus Meal, $14.45, 2990kJ  
Quarter Pounder, $7.15, 2250kJ  
Medium Quarter Pounder Meal, $12.40, 2250kJ  
Small Quarter Pounder Meal, $11.60, 2250kJ  
Large Quarter Pounder Meal, $13.20, 2250kJ  
Big Mac, $6.65, 2360kJ  
Medium Big Mac Meal, $11.80, 2360kJ  
Small Big Mac Meal, $11.00, 2360kJ  
Large Big Mac Meal, $12.60, 2360kJ  
Cheeseburger, $4.40, 1260kJ  
Medium Cheeseburger Meal, $8.10, 1260kJ  
Small Cheeseburger Meal, $7.30, 1260kJ  
Large Cheeseburger Meal, $8.90, 1260kJ  
Chicken McNuggets - 6pc, $6.90, 1090kJ  
Medium 6pc Chicken McNuggets Meal, $11.30, 1090kJ  
Small 6pc Chicken McNuggets Meal, $10.50, 1090kJ  
Large 6pc Chicken McNuggets Meal, $12.10, 1090kJ  
OREO® McFlurry, $4.00, 1380kJ  
McCafé - Latte, $4.25, 473kJ  
Medium Latté McCafe, $4.90, 687kJ  
Large Latté McCafe, $5.30, 745kJ  
McCafé - Mocha, $4.65, 883kJ  
Medium Mocha McCafe, $5.20, 1190kJ  
Large Mocha McCafe, $5.65, 1490kJ  
McCafé - Iced Latte, $4.45, 875kJ  
Medium Iced Latté McCafé, $5.20, 1310kJ  
Large Iced Latté McCafé, $5.55, 1750kJ  
McCafé - Iced Mocha, $5.00, 1090kJ  
Medium Iced Mocha McCafé, $5.50, 1740kJ  
Large Iced Mocha McCafé, $5.90, 2390kJ  
Bacon & Egg McMuffin, $5.30, 1230kJ  
Bacon & Egg McMuffin McValue Meal, $10.35, 1868kJ  
Sausage & Egg McMuffin, $5.45, 1560kJ  
Sausage & Egg McMuffin Meal, $10.20, 2198kJ  
