Products, Price, Caloire Info 
McCafé - Australiano Chai Coffee , $4.45, 857kJ  
Medium Australiano Chai Coffee  McCafé, $5.20, 1310kJ  
Large Australiano Chai Coffee  McCafé, $5.55, 1720kJ  
McCafé - Iced Australiano Chai Coffee, $5.40, 671kJ  
Medium Iced Australiano Chai Coffee McCafé, $6.05, 1070kJ  
Large Iced Australiano Chai Coffee McCafé, $6.70, 1600kJ  
McCafé - Cappuccino, $3.85, 504kJ  
Medium Cappuccino McCafe, $4.60, 690kJ  
Large Cappuccino McCafe, $4.95, 776kJ  
McCafé - Flat White, $3.85, 487kJ  
Medium Flat White McCafe, $4.60, 702kJ  
Large Flat White McCafe, $4.95, 759kJ  
McCafé - Iced Long Black, $4.20, 1kJ  
Medium Iced Long Black - McCafé, $4.85, 1kJ  
Large Iced Long Black - McCafé, $5.50, 2kJ  
McCafé - Hot Chocolate, $3.95, 1010kJ  
Medium Hot Chocolate McCafé, $4.25, 1500kJ  
Large Hot Chocolate McCafé, $4.85, 1990kJ  
McCafé - Latte, $3.85, 473kJ  
Medium Latté McCafe, $4.60, 687kJ  
Large Latté McCafe, $4.95, 745kJ  
McCafé - Chai Latte, $3.65, 756kJ  
Medium Chai Latte McCafé, $4.20, 1250kJ  
Large Chai Latte McCafé, $4.90, 1750kJ  
McCafé - Mocha, $4.45, 883kJ  
Medium Mocha McCafe, $5.10, 1190kJ  
Large Mocha McCafe, $5.55, 1490kJ  
Piccolo Latte, $3.20, 172kJ  
McCafé - Iced Long Black, $4.20, 1kJ  
Medium Iced Long Black - McCafé, $4.85, 1kJ  
Large Iced Long Black - McCafé, $5.50, 2kJ  
McCafé - Iced Latte, $4.20, 875kJ  
Medium Iced Latté McCafé, $4.85, 1310kJ  
Large Iced Latté McCafé, $5.50, 1750kJ  
Zoetic Green Tea, $3.40, 23kJ  
