Products, Price, Caloire Info 
McCafé - Australiano Chai Coffee , $4.60, 857kJ  
Medium Australiano Chai Coffee  McCafé, $5.25, 1310kJ  
Large Australiano Chai Coffee  McCafé, $5.75, 1720kJ  
McCafé - Iced Australiano Chai Coffee, $5.30, 671kJ  
Medium Iced Australiano Chai Coffee McCafé, $6.05, 1070kJ  
Large Iced Australiano Chai Coffee McCafé, $6.50, 1600kJ  
McCafé - Cappuccino, $4.00, 504kJ  
Medium Cappuccino McCafe, $4.65, 690kJ  
Large Cappuccino McCafe, $5.15, 776kJ  
McCafé - Flat White, $4.00, 487kJ  
Medium Flat White McCafe, $4.65, 702kJ  
Large Flat White McCafe, $5.15, 759kJ  
McCafé - Iced Long Black, $4.10, 1kJ  
Medium Iced Long Black - McCafé, $4.85, 1kJ  
Large Iced Long Black - McCafé, $5.30, 2kJ  
McCafé - Hot Chocolate, $3.95, 1010kJ  
Medium Hot Chocolate McCafé, $4.40, 1500kJ  
Large Hot Chocolate McCafé, $4.90, 1990kJ  
McCafé - Latte, $4.00, 473kJ  
Medium Latté McCafe, $4.65, 687kJ  
Large Latté McCafe, $5.15, 745kJ  
McCafé - Chai Latte, $3.75, 756kJ  
Medium Chai Latte McCafé, $4.20, 1250kJ  
Large Chai Latte McCafé, $4.75, 1750kJ  
McCafé - Mocha, $4.50, 883kJ  
Medium Mocha McCafe, $4.90, 1190kJ  
Large Mocha McCafe, $5.35, 1490kJ  
Piccolo Latte, $3.45, 172kJ  
McCafé - Iced Long Black, $4.10, 1kJ  
Medium Iced Long Black - McCafé, $4.85, 1kJ  
Large Iced Long Black - McCafé, $5.30, 2kJ  
McCafé - Iced Latte, $4.10, 875kJ  
Medium Iced Latté McCafé, $4.85, 1310kJ  
Large Iced Latté McCafé, $5.30, 1750kJ  
Zoetic Green Tea, $3.40, 23kJ  
