Products, Price, Caloire Info 
McCafé - Australiano Chai Coffee , $5.10, 857kJ  
Medium Australiano Chai Coffee  McCafé, $5.50, 1310kJ  
Large Australiano Chai Coffee  McCafé, $6.05, 1720kJ  
McCafé - Iced Australiano Chai Coffee, $5.75, 671kJ  
Medium Iced Australiano Chai Coffee McCafé, $6.45, 1070kJ  
Large Iced Australiano Chai Coffee McCafé, $7.10, 1600kJ  
McCafé - Cappuccino, $4.50, 504kJ  
Medium Cappuccino McCafe, $4.90, 690kJ  
Large Cappuccino McCafe, $5.45, 776kJ  
McCafé - Flat White, $4.50, 487kJ  
Medium Flat White McCafe, $4.90, 702kJ  
Large Flat White McCafe, $5.45, 759kJ  
McCafé - Iced Long Black, $4.55, 1kJ  
Medium Iced Long Black - McCafé, $5.25, 1kJ  
Large Iced Long Black - McCafé, $5.90, 2kJ  
McCafé - Hot Chocolate, $4.40, 1010kJ  
Medium Hot Chocolate McCafé, $4.95, 1500kJ  
Large Hot Chocolate McCafé, $5.55, 1990kJ  
McCafé - Latte, $4.50, 473kJ  
Medium Latté McCafe, $4.90, 687kJ  
Large Latté McCafe, $5.45, 745kJ  
McCafé - Chai Latte, $4.10, 756kJ  
Medium Chai Latte McCafé, $4.60, 1250kJ  
Large Chai Latte McCafé, $5.10, 1750kJ  
McCafé - Mocha, $4.60, 883kJ  
Medium Mocha McCafe, $5.40, 1190kJ  
Large Mocha McCafe, $6.00, 1490kJ  
Piccolo Latte, $3.30, 172kJ  
McCafé - Iced Long Black, $4.55, 1kJ  
Medium Iced Long Black - McCafé, $5.25, 1kJ  
Large Iced Long Black - McCafé, $5.90, 2kJ  
McCafé - Iced Latte, $4.55, 875kJ  
Medium Iced Latté McCafé, $5.25, 1310kJ  
Large Iced Latté McCafé, $5.90, 1750kJ  
Zoetic Green Tea, $4.00, 23kJ  
