Products, Price, Caloire Info 
McCafé - Australiano Chai Coffee , $4.80, 857kJ  
Medium Australiano Chai Coffee  McCafé, $5.30, 1310kJ  
Large Australiano Chai Coffee  McCafé, $5.70, 1720kJ  
McCafé - Iced Australiano Chai Coffee, $5.55, 671kJ  
Medium Iced Australiano Chai Coffee McCafé, $6.05, 1070kJ  
Large Iced Australiano Chai Coffee McCafé, $6.75, 1600kJ  
McCafé - Cappuccino, $4.20, 504kJ  
Medium Cappuccino McCafe, $4.70, 690kJ  
Large Cappuccino McCafe, $5.10, 776kJ  
McCafé - Flat White, $4.20, 487kJ  
Medium Flat White McCafe, $4.70, 702kJ  
Large Flat White McCafe, $5.10, 759kJ  
McCafé - Iced Long Black, $4.35, 1kJ  
Medium Iced Long Black - McCafé, $4.85, 1kJ  
Large Iced Long Black - McCafé, $5.55, 2kJ  
McCafé - Hot Chocolate, $4.00, 1010kJ  
Medium Hot Chocolate McCafé, $4.35, 1500kJ  
Large Hot Chocolate McCafé, $5.10, 1990kJ  
McCafé - Latte, $4.20, 473kJ  
Medium Latté McCafe, $4.70, 687kJ  
Large Latté McCafe, $5.10, 745kJ  
McCafé - Chai Latte, $4.10, 756kJ  
Medium Chai Latte McCafé, $4.30, 1250kJ  
Large Chai Latte McCafé, $5.40, 1750kJ  
McCafé - Mocha, $4.50, 883kJ  
Medium Mocha McCafe, $5.10, 1190kJ  
Large Mocha McCafe, $5.75, 1490kJ  
Piccolo Latte, $3.25, 172kJ  
McCafé - Iced Long Black, $4.35, 1kJ  
Medium Iced Long Black - McCafé, $4.85, 1kJ  
Large Iced Long Black - McCafé, $5.55, 2kJ  
McCafé - Iced Latte, $4.35, 875kJ  
Medium Iced Latté McCafé, $4.85, 1310kJ  
Large Iced Latté McCafé, $5.55, 1750kJ  
Zoetic Green Tea, $3.85, 23kJ  
