Products, Price, Caloire Info 
McCafé - Australiano Chai Coffee , $4.85, 857kJ  
Medium Australiano Chai Coffee  McCafé, $5.35, 1310kJ  
Large Australiano Chai Coffee  McCafé, $5.85, 1720kJ  
McCafé - Iced Australiano Chai Coffee, $5.55, 671kJ  
McCafé - Cappuccino, $4.25, 504kJ  
Medium Cappuccino McCafe, $4.75, 690kJ  
Large Cappuccino McCafe, $5.25, 776kJ  
McCafé - Flat White, $4.25, 487kJ  
Medium Flat White McCafe, $4.75, 702kJ  
Large Flat White McCafe, $5.25, 759kJ  
McCafé - Long Black, $4.25, 1kJ  
Medium Long Black McCafe, $4.75, 2kJ  
Large Long Black McCafe, $5.25, 2kJ  
McCafé - Hot Chocolate, $4.10, 1010kJ  
Medium Hot Chocolate McCafé, $4.60, 1500kJ  
Large Hot Chocolate McCafé, $5.15, 1990kJ  
McCafé - Latte, $4.25, 473kJ  
Medium Latté McCafe, $4.75, 687kJ  
Large Latté McCafe, $5.25, 745kJ  
McCafé - Chai Latte, $3.95, 756kJ  
Medium Chai Latte McCafé, $4.45, 1250kJ  
Large Chai Latte McCafé, $4.95, 1750kJ  
McCafé - Mocha, $4.60, 883kJ  
Medium Mocha McCafe, $5.25, 1190kJ  
Large Mocha McCafe, $5.60, 1490kJ  
Piccolo Latte, $3.35, 172kJ  
McCafé - Iced Long Black, $4.35, 1kJ  
McCafé - Iced Latte, $4.35, 875kJ  
Zoetic Green Tea, $3.60, 23kJ  
