Products, Price, Caloire Info 
McCafé - Australiano Chai Coffee , $4.70, 857kJ  
Medium Australiano Chai Coffee  McCafé, $5.40, 1310kJ  
Large Australiano Chai Coffee  McCafé, $5.90, 1720kJ  
McCafé - Iced Australiano Chai Coffee, $5.40, 671kJ  
Medium Iced Australiano Chai Coffee McCafé, $6.10, 1070kJ  
Large Iced Australiano Chai Coffee McCafé, $6.65, 1600kJ  
McCafé - Cappuccino, $4.10, 504kJ  
Medium Cappuccino McCafe, $4.80, 690kJ  
Large Cappuccino McCafe, $5.30, 776kJ  
McCafé - Flat White, $4.10, 487kJ  
Medium Flat White McCafe, $4.80, 702kJ  
Large Flat White McCafe, $5.30, 759kJ  
McCafé - Iced Long Black, $4.20, 1kJ  
Medium Iced Long Black - McCafé, $4.90, 1kJ  
Large Iced Long Black - McCafé, $5.45, 2kJ  
McCafé - Hot Chocolate, $4.00, 1010kJ  
Medium Hot Chocolate McCafé, $4.40, 1500kJ  
Large Hot Chocolate McCafé, $5.00, 1990kJ  
McCafé - Latte, $4.10, 473kJ  
Medium Latté McCafe, $4.80, 687kJ  
Large Latté McCafe, $5.30, 745kJ  
McCafé - Chai Latte, $3.90, 756kJ  
Medium Chai Latte McCafé, $4.35, 1250kJ  
Large Chai Latte McCafé, $4.75, 1750kJ  
McCafé - Mocha, $4.40, 883kJ  
Medium Mocha McCafe, $5.10, 1190kJ  
Large Mocha McCafe, $5.70, 1490kJ  
Piccolo Latte, $2.95, 172kJ  
McCafé - Iced Long Black, $4.20, 1kJ  
Medium Iced Long Black - McCafé, $4.90, 1kJ  
Large Iced Long Black - McCafé, $5.45, 2kJ  
McCafé - Iced Latte, $4.20, 875kJ  
Medium Iced Latté McCafé, $4.90, 1310kJ  
Large Iced Latté McCafé, $5.45, 1750kJ  
Zoetic Green Tea, $3.75, 23kJ  
