Products, Price, Caloire Info 
McCafé - Australiano Chai Coffee , $4.70, 857kJ  
McCafé - Iced Australiano Chai Coffee, $5.55, 671kJ  
McCafé - Cappuccino, $4.10, 504kJ  
Medium Cappuccino McCafe, $4.60, 690kJ  
Large Cappuccino McCafe, $5.10, 776kJ  
McCafé - Flat White, $4.10, 487kJ  
Medium Flat White McCafe, $4.60, 702kJ  
Large Flat White McCafe, $5.10, 759kJ  
McCafé - Iced Long Black, $4.35, 1kJ  
Medium Iced Long Black - McCafé, $5.15, 1kJ  
Large Iced Long Black - McCafé, $5.50, 2kJ  
McCafé - Hot Chocolate, $4.10, 1010kJ  
Medium Hot Chocolate McCafé, $4.50, 1500kJ  
Large Hot Chocolate McCafé, $4.95, 1990kJ  
McCafé - Latte, $4.10, 473kJ  
Medium Latté McCafe, $4.60, 687kJ  
Large Latté McCafe, $5.10, 745kJ  
McCafé - Chai Latte, $4.00, 756kJ  
Medium Chai Latte McCafé, $4.35, 1250kJ  
Large Chai Latte McCafé, $4.85, 1750kJ  
McCafé - Mocha, $4.35, 883kJ  
Medium Mocha McCafe, $5.00, 1190kJ  
Large Mocha McCafe, $5.25, 1490kJ  
Piccolo Latte, $3.30, 172kJ  
McCafé - Iced Long Black, $4.35, 1kJ  
Medium Iced Long Black - McCafé, $5.15, 1kJ  
Large Iced Long Black - McCafé, $5.50, 2kJ  
McCafé - Iced Latte, $4.35, 875kJ  
Medium Iced Latté McCafé, $5.15, 1310kJ  
Large Iced Latté McCafé, $5.50, 1750kJ  
Zoetic Green Tea, $3.65, 23kJ  
