Products, Price, Caloire Info 
McCafé - Australiano Chai Coffee , $4.85, 857kJ  
Medium Australiano Chai Coffee  McCafé, $5.35, 1310kJ  
Large Australiano Chai Coffee  McCafé, $5.85, 1720kJ  
McCafé - Iced Australiano Chai Coffee, $5.80, 671kJ  
Medium Iced Australiano Chai Coffee McCafé, $6.30, 1070kJ  
Large Iced Australiano Chai Coffee McCafé, $6.95, 1600kJ  
McCafé - Cappuccino, $4.25, 504kJ  
Medium Cappuccino McCafe, $4.75, 690kJ  
Large Cappuccino McCafe, $5.25, 776kJ  
McCafé - Flat White, $4.25, 487kJ  
Medium Flat White McCafe, $4.75, 702kJ  
Large Flat White McCafe, $5.25, 759kJ  
McCafé - Iced Long Black, $4.60, 1kJ  
Medium Iced Long Black - McCafé, $5.10, 1kJ  
Large Iced Long Black - McCafé, $5.75, 2kJ  
McCafé - Hot Chocolate, $4.15, 1010kJ  
Medium Hot Chocolate McCafé, $4.70, 1500kJ  
Large Hot Chocolate McCafé, $5.30, 1990kJ  
McCafé - Latte, $4.25, 473kJ  
Medium Latté McCafe, $4.75, 687kJ  
Large Latté McCafe, $5.25, 745kJ  
McCafé - Chai Latte, $4.10, 756kJ  
Medium Chai Latte McCafé, $4.60, 1250kJ  
Medium Chai Latte McCafé, $4.60, 1250kJ  
McCafé - Mocha, $4.50, 883kJ  
Medium Mocha McCafe, $5.10, 1190kJ  
Large Mocha McCafe, $5.55, 1490kJ  
Piccolo Latte, $3.25, 172kJ  
McCafé - Iced Long Black, $4.60, 1kJ  
Medium Iced Long Black - McCafé, $5.10, 1kJ  
Large Iced Long Black - McCafé, $5.75, 2kJ  
McCafé - Iced Latte, $4.60, 875kJ  
Medium Iced Latté McCafé, $5.10, 1310kJ  
Large Iced Latté McCafé, $5.75, 1750kJ  
Zoetic Green Tea, $3.70, 23kJ  
