Products, Price, Caloire Info 
McCafé - Australiano Chai Coffee , $4.45, 857kJ  
McCafé - Iced Australiano Chai Coffee, $5.10, 671kJ  
McCafé - Cappuccino, $3.85, 504kJ  
Medium Cappuccino McCafe, $4.30, 690kJ  
Large Cappuccino McCafe, $4.70, 776kJ  
McCafé - Flat White, $3.85, 487kJ  
Medium Flat White McCafe, $4.30, 702kJ  
Large Flat White McCafe, $4.70, 759kJ  
McCafé - Iced Long Black, $3.90, 1kJ  
Medium Iced Long Black - McCafé, $4.65, 1kJ  
Large Iced Long Black - McCafé, $4.95, 2kJ  
McCafé - Hot Chocolate, $3.65, 1010kJ  
Medium Hot Chocolate McCafé, $4.00, 1500kJ  
Large Hot Chocolate McCafé, $4.60, 1990kJ  
McCafé - Latte, $3.85, 473kJ  
Medium Latté McCafe, $4.30, 687kJ  
Large Latté McCafe, $4.70, 745kJ  
McCafé - Chai Latte, $3.50, 756kJ  
Medium Chai Latte McCafé, $3.90, 1250kJ  
Large Chai Latte McCafé, $4.45, 1750kJ  
McCafé - Mocha, $4.10, 883kJ  
Medium Mocha McCafe, $4.65, 1190kJ  
Large Mocha McCafe, $5.10, 1490kJ  
Piccolo Latte, $2.70, 172kJ  
McCafé - Iced Long Black, $3.90, 1kJ  
Medium Iced Long Black - McCafé, $4.65, 1kJ  
Large Iced Long Black - McCafé, $4.95, 2kJ  
McCafé - Iced Latte, $3.90, 875kJ  
Medium Iced Latté McCafé, $4.65, 1310kJ  
Large Iced Latté McCafé, $4.95, 1750kJ  
Zoetic Green Tea, $2.25, 23kJ  
