Products, Price, Caloire Info 
McCafé - Australiano Chai Coffee , $4.10, 857kJ  
Medium Australiano Chai Coffee  McCafé, $4.60, 1310kJ  
Large Australiano Chai Coffee  McCafé, $5.40, 1720kJ  
McCafé - Iced Australiano Chai Coffee, $5.15, 671kJ  
Medium Iced Australiano Chai Coffee McCafé, $5.60, 1070kJ  
Large Iced Australiano Chai Coffee McCafé, $6.20, 1600kJ  
McCafé - Cappuccino, $3.50, 504kJ  
Medium Cappuccino McCafe, $4.00, 690kJ  
Large Cappuccino McCafe, $4.80, 776kJ  
McCafé - Flat White, $3.50, 487kJ  
Medium Flat White McCafe, $4.00, 702kJ  
Large Flat White McCafe, $4.80, 759kJ  
McCafé - Iced Long Black, $3.95, 1kJ  
Medium Iced Long Black - McCafé, $4.40, 1kJ  
Large Iced Long Black - McCafé, $5.00, 2kJ  
McCafé - Hot Chocolate, $3.75, 1010kJ  
Medium Hot Chocolate McCafé, $4.15, 1500kJ  
Large Hot Chocolate McCafé, $4.60, 1990kJ  
McCafé - Latte, $3.50, 473kJ  
Medium Latté McCafe, $4.00, 687kJ  
Large Latté McCafe, $4.80, 745kJ  
McCafé - Chai Latte, $3.45, 756kJ  
Medium Chai Latte McCafé, $3.90, 1250kJ  
Large Chai Latte McCafé, $4.55, 1750kJ  
McCafé - Mocha, $4.00, 883kJ  
Medium Mocha McCafe, $4.45, 1190kJ  
Large Mocha McCafe, $4.85, 1490kJ  
Piccolo Latte, $2.95, 172kJ  
McCafé - Iced Long Black, $3.95, 1kJ  
Medium Iced Long Black - McCafé, $4.40, 1kJ  
Large Iced Long Black - McCafé, $5.00, 2kJ  
McCafé - Iced Latte, $3.95, 875kJ  
Medium Iced Latté McCafé, $4.40, 1310kJ  
Large Iced Latté McCafé, $5.00, 1750kJ  
Zoetic Green Tea, $3.40, 23kJ  
