Products, Price, Caloire Info 
McCafé - Australiano Chai Coffee , $4.85, 857kJ  
Medium Australiano Chai Coffee  McCafé, $5.40, 1310kJ  
Large Australiano Chai Coffee  McCafé, $6.00, 1720kJ  
McCafé - Iced Australiano Chai Coffee, $5.70, 671kJ  
Medium Iced Australiano Chai Coffee McCafé, $6.50, 1070kJ  
Large Iced Australiano Chai Coffee McCafé, $7.05, 1600kJ  
McCafé - Cappuccino, $4.25, 504kJ  
Medium Cappuccino McCafe, $4.80, 690kJ  
Large Cappuccino McCafe, $5.40, 776kJ  
McCafé - Flat White, $4.25, 487kJ  
Medium Flat White McCafe, $4.80, 702kJ  
Large Flat White McCafe, $5.40, 759kJ  
McCafé - Iced Long Black, $4.50, 1kJ  
Medium Iced Long Black - McCafé, $5.30, 1kJ  
Large Iced Long Black - McCafé, $5.85, 2kJ  
McCafé - Hot Chocolate, $4.20, 1010kJ  
Medium Hot Chocolate McCafé, $4.60, 1500kJ  
Large Hot Chocolate McCafé, $5.35, 1990kJ  
McCafé - Latte, $4.25, 473kJ  
Medium Latté McCafe, $4.80, 687kJ  
Large Latté McCafe, $5.40, 745kJ  
McCafé - Chai Latte, $3.95, 756kJ  
Medium Chai Latte McCafé, $4.45, 1250kJ  
Large Chai Latte McCafé, $5.00, 1750kJ  
McCafé - Mocha, $4.65, 883kJ  
Medium Mocha McCafe, $5.50, 1190kJ  
Large Mocha McCafe, $5.80, 1490kJ  
Piccolo Latte, $3.70, 172kJ  
McCafé - Iced Long Black, $4.50, 1kJ  
Medium Iced Long Black - McCafé, $5.30, 1kJ  
Large Iced Long Black - McCafé, $5.85, 2kJ  
McCafé - Iced Latte, $4.50, 875kJ  
Medium Iced Latté McCafé, $5.30, 1310kJ  
Large Iced Latté McCafé, $5.85, 1750kJ  
Zoetic Green Tea, $3.70, 23kJ  
