Products, Price, Caloire Info 
McCafé - Australiano Chai Coffee , $4.85, 857kJ  
Medium Australiano Chai Coffee  McCafé, $5.40, 1310kJ  
Large Australiano Chai Coffee  McCafé, $5.90, 1720kJ  
McCafé - Iced Australiano Chai Coffee, $5.65, 671kJ  
Medium Iced Australiano Chai Coffee McCafé, $6.55, 1070kJ  
Medium Iced Australiano Chai Coffee McCafé, $6.55, 1070kJ  
McCafé - Cappuccino, $4.25, 504kJ  
Medium Cappuccino McCafe, $4.80, 690kJ  
Large Cappuccino McCafe, $5.30, 776kJ  
McCafé - Flat White, $4.25, 487kJ  
Medium Flat White McCafe, $4.80, 702kJ  
Large Flat White McCafe, $5.30, 759kJ  
McCafé - Long Black, $4.25, 1kJ  
Medium Long Black McCafe, $4.80, 2kJ  
Large Long Black McCafe, $5.30, 2kJ  
McCafé - Hot Chocolate, $4.30, 1010kJ  
Medium Hot Chocolate McCafé, $4.85, 1500kJ  
Large Hot Chocolate McCafé, $5.40, 1990kJ  
McCafé - Latte, $4.25, 473kJ  
Medium Latté McCafe, $4.80, 687kJ  
Large Latté McCafe, $5.30, 745kJ  
McCafé - Chai Latte, $3.90, 756kJ  
Medium Chai Latte McCafé, $4.45, 1250kJ  
Large Chai Latte McCafé, $5.00, 1750kJ  
McCafé - Mocha, $4.60, 883kJ  
Medium Mocha McCafe, $5.50, 1190kJ  
Large Mocha McCafe, $6.00, 1490kJ  
Piccolo Latte, $3.35, 172kJ  
McCafé - Iced Long Black, $4.45, 1kJ  
McCafé - Iced Latte, $4.45, 875kJ  
Small Iced Latté McCafé, $4.45, 875kJ  
Small Iced Latté McCafé, $4.45, 875kJ  
Zoetic Green Tea, $3.75, 23kJ  
