Products, Price, Caloire Info 
McCafé - Australiano Chai Coffee , $4.90, 857kJ  
Medium Australiano Chai Coffee  McCafé, $5.45, 1310kJ  
Large Australiano Chai Coffee  McCafé, $6.00, 1720kJ  
McCafé - Iced Australiano Chai Coffee, $5.95, 671kJ  
Medium Iced Australiano Chai Coffee McCafé, $6.60, 1070kJ  
Large Iced Australiano Chai Coffee McCafé, $7.10, 1600kJ  
McCafé - Cappuccino, $4.30, 504kJ  
Medium Cappuccino McCafe, $4.85, 690kJ  
Large Cappuccino McCafe, $5.40, 776kJ  
McCafé - Flat White, $4.30, 487kJ  
Medium Flat White McCafe, $4.85, 702kJ  
Large Flat White McCafe, $5.40, 759kJ  
McCafé - Iced Long Black, $4.75, 1kJ  
Medium Iced Long Black - McCafé, $5.40, 1kJ  
Large Iced Long Black - McCafé, $5.90, 2kJ  
McCafé - Hot Chocolate, $4.35, 1010kJ  
Medium Hot Chocolate McCafé, $4.70, 1500kJ  
Large Hot Chocolate McCafé, $5.35, 1990kJ  
McCafé - Latte, $4.30, 473kJ  
Medium Latté McCafe, $4.85, 687kJ  
Large Latté McCafe, $5.40, 745kJ  
McCafé - Chai Latte, $4.10, 756kJ  
Medium Chai Latte McCafé, $4.55, 1250kJ  
Large Chai Latte McCafé, $5.15, 1750kJ  
McCafé - Mocha, $4.70, 883kJ  
Medium Mocha McCafe, $5.45, 1190kJ  
Large Mocha McCafe, $5.95, 1490kJ  
Piccolo Latte, $3.40, 172kJ  
McCafé - Iced Long Black, $4.75, 1kJ  
Medium Iced Long Black - McCafé, $5.40, 1kJ  
Large Iced Long Black - McCafé, $5.90, 2kJ  
McCafé - Iced Latte, $4.75, 875kJ  
Medium Iced Latté McCafé, $5.40, 1310kJ  
Large Iced Latté McCafé, $5.90, 1750kJ  
Zoetic Green Tea, $3.80, 23kJ  
