Products, Price, Caloire Info 
McCafé - Australiano Chai Coffee , $4.90, 857kJ  
Medium Australiano Chai Coffee  McCafé, $5.50, 1310kJ  
Large Australiano Chai Coffee  McCafé, $5.95, 1720kJ  
McCafé - Iced Australiano Chai Coffee, $5.70, 671kJ  
Medium Iced Australiano Chai Coffee McCafé, $6.45, 1070kJ  
Large Iced Australiano Chai Coffee McCafé, $6.75, 1600kJ  
McCafé - Cappuccino, $4.30, 504kJ  
Medium Cappuccino McCafe, $4.90, 690kJ  
Large Cappuccino McCafe, $5.35, 776kJ  
McCafé - Flat White, $4.30, 487kJ  
Medium Flat White McCafe, $4.90, 702kJ  
Large Flat White McCafe, $5.35, 759kJ  
McCafé - Iced Long Black, $4.50, 1kJ  
Medium Iced Long Black - McCafé, $5.25, 1kJ  
Large Iced Long Black - McCafé, $5.55, 2kJ  
McCafé - Hot Chocolate, $4.15, 1010kJ  
Medium Hot Chocolate McCafé, $4.65, 1500kJ  
Large Hot Chocolate McCafé, $5.15, 1990kJ  
McCafé - Latte, $4.30, 473kJ  
Medium Latté McCafe, $4.90, 687kJ  
Large Latté McCafe, $5.35, 745kJ  
McCafé - Chai Latte, $3.95, 756kJ  
Medium Chai Latte McCafé, $4.35, 1250kJ  
Large Chai Latte McCafé, $5.00, 1750kJ  
McCafé - Mocha, $4.45, 883kJ  
Medium Mocha McCafe, $5.15, 1190kJ  
Large Mocha McCafe, $5.60, 1490kJ  
Piccolo Latte, $3.00, 172kJ  
McCafé - Iced Long Black, $4.50, 1kJ  
Medium Iced Long Black - McCafé, $5.25, 1kJ  
Large Iced Long Black - McCafé, $5.55, 2kJ  
McCafé - Iced Latte, $4.50, 875kJ  
Medium Iced Latté McCafé, $5.25, 1310kJ  
Large Iced Latté McCafé, $5.55, 1750kJ  
Zoetic Green Tea, $3.65, 23kJ  
