Products, Price, Caloire Info 
McCafé - Australiano Chai Coffee , $5.05, 857kJ  
Medium Australiano Chai Coffee  McCafé, $5.55, 1310kJ  
Large Australiano Chai Coffee  McCafé, $6.10, 1720kJ  
McCafé - Iced Australiano Chai Coffee, $5.65, 671kJ  
Medium Iced Australiano Chai Coffee McCafé, $6.45, 1070kJ  
Large Iced Australiano Chai Coffee McCafé, $6.95, 1600kJ  
McCafé - Cappuccino, $4.45, 504kJ  
Medium Cappuccino McCafe, $4.95, 690kJ  
Large Cappuccino McCafe, $5.50, 776kJ  
McCafé - Flat White, $4.45, 487kJ  
Medium Flat White McCafe, $4.95, 702kJ  
Large Flat White McCafe, $5.50, 759kJ  
McCafé - Iced Long Black, $4.45, 1kJ  
Medium Iced Long Black - McCafé, $5.25, 1kJ  
Large Iced Long Black - McCafé, $5.75, 2kJ  
McCafé - Hot Chocolate, $4.00, 1010kJ  
Medium Hot Chocolate McCafé, $4.40, 1500kJ  
Large Hot Chocolate McCafé, $5.10, 1990kJ  
McCafé - Latte, $4.45, 473kJ  
Medium Latté McCafe, $4.95, 687kJ  
Large Latté McCafe, $5.50, 745kJ  
McCafé - Iced Chai Latte, $5.65, 996kJ  
Medium Iced Chai Latte McCafé, $6.25, 1690kJ  
Large Iced Chai Latte McCafé, $6.80, 2210kJ  
McCafé - Mocha, $4.50, 883kJ  
Medium Mocha McCafe, $4.95, 1190kJ  
Large Mocha McCafe, $5.50, 1490kJ  
Piccolo Latte, $3.40, 172kJ  
McCafé - Iced Long Black, $4.45, 1kJ  
Medium Iced Long Black - McCafé, $5.25, 1kJ  
Large Iced Long Black - McCafé, $5.75, 2kJ  
McCafé - Iced Latte, $4.45, 875kJ  
Medium Iced Latté McCafé, $5.25, 1310kJ  
Large Iced Latté McCafé, $5.75, 1750kJ  
Zoetic Green Tea, $3.80, 23kJ  
