Products, Price, Caloire Info 
McCafé - Australiano Chai Coffee , $4.80, 857kJ  
Medium Australiano Chai Coffee  McCafé, $5.35, 1310kJ  
Large Australiano Chai Coffee  McCafé, $5.80, 1720kJ  
McCafé - Iced Australiano Chai Coffee, $5.70, 671kJ  
Medium Iced Australiano Chai Coffee McCafé, $6.30, 1070kJ  
Large Iced Australiano Chai Coffee McCafé, $6.70, 1600kJ  
McCafé - Cappuccino, $4.20, 504kJ  
Medium Cappuccino McCafe, $4.75, 690kJ  
Large Cappuccino McCafe, $5.20, 776kJ  
McCafé - Flat White, $4.20, 487kJ  
Medium Flat White McCafe, $4.75, 702kJ  
Large Flat White McCafe, $5.20, 759kJ  
McCafé - Iced Long Black, $4.50, 1kJ  
Medium Iced Long Black - McCafé, $5.10, 1kJ  
Large Iced Long Black - McCafé, $5.50, 2kJ  
McCafé - Hot Chocolate, $4.20, 1010kJ  
Medium Hot Chocolate McCafé, $4.60, 1500kJ  
Large Hot Chocolate McCafé, $5.15, 1990kJ  
McCafé - Latte, $4.20, 473kJ  
Medium Latté McCafe, $4.75, 687kJ  
Large Latté McCafe, $5.20, 745kJ  
McCafé - Chai Latte, $3.95, 756kJ  
Medium Chai Latte McCafé, $4.30, 1250kJ  
Large Chai Latte McCafé, $4.95, 1750kJ  
McCafé - Mocha, $4.50, 883kJ  
Medium Mocha McCafe, $5.30, 1190kJ  
Large Mocha McCafe, $5.65, 1490kJ  
Piccolo Latte, $3.40, 172kJ  
McCafé - Iced Long Black, $4.50, 1kJ  
Medium Iced Long Black - McCafé, $5.10, 1kJ  
Large Iced Long Black - McCafé, $5.50, 2kJ  
McCafé - Iced Latte, $4.50, 875kJ  
Medium Iced Latté McCafé, $5.10, 1310kJ  
Large Iced Latté McCafé, $5.50, 1750kJ  
Zoetic Green Tea, $3.60, 23kJ  
