Products, Price, Caloire Info 
McCafé - Australiano Chai Coffee , $4.80, 857kJ  
Medium Australiano Chai Coffee  McCafé, $5.35, 1310kJ  
Large Australiano Chai Coffee  McCafé, $5.85, 1720kJ  
McCafé - Iced Australiano Chai Coffee, $5.45, 671kJ  
Medium Iced Australiano Chai Coffee McCafé, $6.30, 1070kJ  
Large Iced Australiano Chai Coffee McCafé, $6.60, 1600kJ  
McCafé - Cappuccino, $4.20, 504kJ  
Medium Cappuccino McCafe, $4.75, 690kJ  
Large Cappuccino McCafe, $5.25, 776kJ  
McCafé - Flat White, $4.20, 487kJ  
Medium Flat White McCafe, $4.75, 702kJ  
Large Flat White McCafe, $5.25, 759kJ  
McCafé - Iced Long Black, $4.25, 1kJ  
Medium Iced Long Black - McCafé, $5.10, 1kJ  
Large Iced Long Black - McCafé, $5.40, 2kJ  
McCafé - Hot Chocolate, $3.95, 1010kJ  
Medium Hot Chocolate McCafé, $4.25, 1500kJ  
Large Hot Chocolate McCafé, $4.90, 1990kJ  
McCafé - Latte, $4.20, 473kJ  
Medium Latté McCafe, $4.75, 687kJ  
Large Latté McCafe, $5.25, 745kJ  
McCafé - Chai Latte, $3.70, 756kJ  
Medium Chai Latte McCafé, $4.10, 1250kJ  
Large Chai Latte McCafé, $4.80, 1750kJ  
McCafé - Mocha, $4.50, 883kJ  
Medium Mocha McCafe, $4.90, 1190kJ  
Large Mocha McCafe, $5.60, 1490kJ  
Piccolo Latte, $3.25, 172kJ  
McCafé - Iced Long Black, $4.25, 1kJ  
Medium Iced Long Black - McCafé, $5.10, 1kJ  
Large Iced Long Black - McCafé, $5.40, 2kJ  
McCafé - Iced Latte, $4.25, 875kJ  
Medium Iced Latté McCafé, $5.10, 1310kJ  
Large Iced Latté McCafé, $5.40, 1750kJ  
Zoetic Green Tea, $3.75, 23kJ  
