Products, Price, Caloire Info 
McCafé - Australiano Chai Coffee , $4.85, 857kJ  
McCafé - Iced Australiano Chai Coffee, $5.65, 671kJ  
McCafé - Cappuccino, $4.25, 504kJ  
Medium Cappuccino McCafe, $4.90, 690kJ  
Large Cappuccino McCafe, $5.30, 776kJ  
McCafé - Flat White, $4.25, 487kJ  
Medium Flat White McCafe, $4.90, 702kJ  
Large Flat White McCafe, $5.30, 759kJ  
McCafé - Iced Long Black, $4.45, 1kJ  
Medium Iced Long Black - McCafé, $5.20, 1kJ  
Large Iced Long Black - McCafé, $5.55, 2kJ  
McCafé - Hot Chocolate, $4.20, 1010kJ  
Medium Hot Chocolate McCafé, $4.60, 1500kJ  
Large Hot Chocolate McCafé, $5.15, 1990kJ  
McCafé - Latte, $4.25, 473kJ  
Medium Latté McCafe, $4.90, 687kJ  
Large Latté McCafe, $5.30, 745kJ  
McCafé - Chai Latte, $4.00, 756kJ  
Medium Chai Latte McCafé, $4.45, 1250kJ  
Large Chai Latte McCafé, $5.10, 1750kJ  
McCafé - Mocha, $4.65, 883kJ  
Medium Mocha McCafe, $5.20, 1190kJ  
Large Mocha McCafe, $5.65, 1490kJ  
Piccolo Latte, $3.50, 172kJ  
McCafé - Iced Long Black, $4.45, 1kJ  
Medium Iced Long Black - McCafé, $5.20, 1kJ  
Large Iced Long Black - McCafé, $5.55, 2kJ  
McCafé - Iced Latte, $4.45, 875kJ  
Medium Iced Latté McCafé, $5.20, 1310kJ  
Large Iced Latté McCafé, $5.55, 1750kJ  
Zoetic Green Tea, $3.65, 23kJ  
