Products, Price, Caloire Info 
McCafé - Australiano Chai Coffee , $4.80, 857kJ  
Medium Australiano Chai Coffee  McCafé, $5.40, 1310kJ  
Large Australiano Chai Coffee  McCafé, $6.00, 1720kJ  
Fries, $2.00, 860kJ  
Medium Fries, $3.20, 1240kJ  
Large Fries, $4.10, 1530kJ  
Frozen Coke®, $1.00, 413kJ  
Sprite®, $3.30, 378kJ  
Medium Sprite®, $4.00, 541kJ  
Large Sprite®, $4.60, 827kJ  
Chicken McNuggets - 6pc, $6.85, 1090kJ  
Medium 6pc Chicken McNuggets Meal, $10.95, 1090kJ  
Small 6pc Chicken McNuggets Meal, $10.15, 1090kJ  
Large 6pc Chicken McNuggets Meal, $11.75, 1090kJ  
Big Mac, $6.70, 2360kJ  
Medium Big Mac Meal, $11.65, 2360kJ  
Small Big Mac Meal, $10.85, 2360kJ  
Large Big Mac Meal, $12.45, 2360kJ  
Chocolate Shake, $4.40, 1150kJ  
Medium Chocolate Shake, $5.00, 1550kJ  
Large Chocolate Shake, $5.60, 1880kJ  
