Products, Price, Caloire Info 
McCafé - Australiano Chai Coffee , $5.10, 857kJ  
Medium Australiano Chai Coffee  McCafé, $5.50, 1310kJ  
Large Australiano Chai Coffee  McCafé, $6.05, 1720kJ  
Fries, $2.00, 860kJ  
Medium Fries, $3.35, 1240kJ  
Large Fries, $3.90, 1530kJ  
Frozen Coke®, $1.00, 413kJ  
Medium Frozen Coke®, $1.00, 578kJ  
Large Frozen Coke®, $1.00, 779kJ  
Sprite®, $3.20, 378kJ  
Chicken McNuggets - 6pc, $6.40, 1090kJ  
Medium 6pc Chicken McNuggets Meal, $10.65, 1090kJ  
Small 6pc Chicken McNuggets Meal, $9.85, 1090kJ  
Large 6pc Chicken McNuggets Meal, $11.45, 1090kJ  
Big Mac, $6.60, 2360kJ  
Medium Big Mac Meal, $11.80, 2360kJ  
Small Big Mac Meal, $11.00, 2360kJ  
Large Big Mac Meal, $12.60, 2360kJ  
Chocolate Shake, $3.95, 1150kJ  
Medium Chocolate Shake, $4.55, 1550kJ  
Large Chocolate Shake, $5.25, 1880kJ  
