Products, Price, Caloire Info 
McCafé - Australiano Chai Coffee , $4.70, 857kJ  
Medium Australiano Chai Coffee  McCafé, $5.20, 1310kJ  
Large Australiano Chai Coffee  McCafé, $5.70, 1720kJ  
Fries, $2.00, 860kJ  
Medium Fries, $3.35, 1240kJ  
Large Fries, $3.90, 1530kJ  
Frozen Coke®, $1.00, 413kJ  
Medium Frozen Coke®, $1.00, 578kJ  
Large Frozen Coke®, $1.00, 779kJ  
Sprite®, $3.45, 378kJ  
Medium Sprite®, $3.95, 541kJ  
Large Sprite®, $4.50, 827kJ  
Chicken McNuggets - 6pc, $6.90, 1090kJ  
Medium 6pc Chicken McNuggets Meal, $11.10, 1090kJ  
Medium 6pc Chicken McNuggets Meal, $11.10, 1090kJ  
Large 6pc Chicken McNuggets Meal, $11.90, 1090kJ  
Big Mac, $6.95, 2360kJ  
Medium Big Mac Meal, $11.70, 2360kJ  
Small Big Mac Meal, $10.90, 2360kJ  
Large Big Mac Meal, $12.50, 2360kJ  
Chocolate Shake, $4.25, 1150kJ  
Medium Chocolate Shake, $4.90, 1550kJ  
Large Chocolate Shake, $5.35, 1880kJ  
