Products, Price, Caloire Info 
McCafé - Australiano Chai Coffee , $4.80, 857kJ  
Medium Australiano Chai Coffee  McCafé, $5.30, 1310kJ  
Large Australiano Chai Coffee  McCafé, $5.70, 1720kJ  
Fries, $2.00, 860kJ  
Medium Fries, $3.25, 1240kJ  
Large Fries, $3.80, 1530kJ  
Frozen Coke®, $1.00, 413kJ  
Medium Frozen Coke®, $1.00, 578kJ  
Large Frozen Coke®, $1.00, 779kJ  
Sprite®, $3.25, 378kJ  
Medium Sprite®, $4.00, 541kJ  
Large Sprite®, $4.50, 827kJ  
Chicken McNuggets - 6pc, $6.40, 1090kJ  
Medium 6pc Chicken McNuggets Meal, $10.30, 1090kJ  
Small 6pc Chicken McNuggets Meal, $9.50, 1090kJ  
Large 6pc Chicken McNuggets Meal, $11.10, 1090kJ  
Big Mac, $6.40, 2360kJ  
Medium Big Mac Meal, $11.60, 2360kJ  
Small Big Mac Meal, $10.80, 2360kJ  
Large Big Mac Meal, $12.40, 2360kJ  
Chocolate Shake, $4.20, 1150kJ  
