Products, Price, Caloire Info 
McCafé - Australiano Chai Coffee , $4.75, 857kJ  
Medium Australiano Chai Coffee  McCafé, $5.30, 1310kJ  
Large Australiano Chai Coffee  McCafé, $5.70, 1720kJ  
Fries, $2.00, 860kJ  
Medium Fries, $3.35, 1240kJ  
Large Fries, $4.00, 1530kJ  
Frozen Coke®, $1.00, 413kJ  
Sprite®, $3.35, 378kJ  
Medium Sprite®, $4.00, 541kJ  
Large Sprite®, $4.65, 827kJ  
Chicken McNuggets - 6pc, $6.60, 1090kJ  
Medium 6pc Chicken McNuggets Meal, $10.90, 1090kJ  
Small 6pc Chicken McNuggets Meal, $10.10, 1090kJ  
Large 6pc Chicken McNuggets Meal, $11.70, 1090kJ  
Big Mac, $6.85, 2360kJ  
Medium Big Mac Meal, $11.85, 2360kJ  
Small Big Mac Meal, $11.05, 2360kJ  
Large Big Mac Meal, $12.65, 2360kJ  
Chocolate Shake, $4.30, 1150kJ  
Medium Chocolate Shake, $4.75, 1550kJ  
Large Chocolate Shake, $5.20, 1880kJ  
