Products, Price, Caloire Info 
McCafé - Australiano Chai Coffee , $4.75, 857kJ  
Medium Australiano Chai Coffee  McCafé, $5.30, 1310kJ  
Large Australiano Chai Coffee  McCafé, $5.70, 1720kJ  
Fries, $2.00, 860kJ  
Medium Fries, $3.35, 1240kJ  
Large Fries, $4.10, 1530kJ  
Frozen Coke®, $1.00, 413kJ  
Medium Frozen Coke®, $1.00, 578kJ  
Large Frozen Coke®, $1.00, 779kJ  
Sprite®, $3.30, 378kJ  
Chicken McNuggets - 6pc, $6.50, 1090kJ  
Medium 6pc Chicken McNuggets Meal, $10.75, 1090kJ  
Small 6pc Chicken McNuggets Meal, $9.95, 1090kJ  
Large 6pc Chicken McNuggets Meal, $11.55, 1090kJ  
Big Mac, $6.75, 2360kJ  
Medium Big Mac Meal, $11.30, 2360kJ  
Small Big Mac Meal, $10.50, 2360kJ  
Large Big Mac Meal, $12.10, 2360kJ  
Chocolate Shake, $4.25, 1150kJ  
Medium Chocolate Shake, $4.75, 1550kJ  
Large Chocolate Shake, $5.40, 1880kJ  
