Products, Price, Caloire Info 
McCafé - Australiano Chai Coffee , $4.85, 857kJ  
Fries, $2.00, 860kJ  
Medium Fries, $3.45, 1240kJ  
Large Fries, $4.15, 1530kJ  
Frozen Coke®, $1.00, 413kJ  
Medium Frozen Coke®, $1.00, 578kJ  
Large Frozen Coke®, $1.00, 779kJ  
Sprite®, $3.55, 378kJ  
Medium Sprite®, $3.90, 541kJ  
Large Sprite®, $4.55, 827kJ  
Chicken McNuggets - 6pc, $6.60, 1090kJ  
Medium 6pc Chicken McNuggets Meal, $11.10, 1090kJ  
Small 6pc Chicken McNuggets Meal, $10.30, 1090kJ  
Large 6pc Chicken McNuggets Meal, $11.90, 1090kJ  
Big Mac, $7.15, 2360kJ  
Medium Big Mac Meal, $12.30, 2360kJ  
Small Big Mac Meal, $11.50, 2360kJ  
Large Big Mac Meal, $13.10, 2360kJ  
Chocolate Shake, $4.25, 1150kJ  
Medium Chocolate Shake, $4.75, 1550kJ  
Large Chocolate Shake, $5.10, 1880kJ  
