Products, Price, Caloire Info 
McCafé - Australiano Chai Coffee , $4.80, 857kJ  
Medium Australiano Chai Coffee  McCafé, $5.35, 1310kJ  
Large Australiano Chai Coffee  McCafé, $5.70, 1720kJ  
Fries, $2.00, 860kJ  
Medium Fries, $3.45, 1240kJ  
Large Fries, $3.95, 1530kJ  
Frozen Coke®, $1.00, 413kJ  
Medium Frozen Coke®, $1.00, 578kJ  
Large Frozen Coke®, $1.00, 779kJ  
Sprite®, $3.60, 378kJ  
Medium Sprite®, $4.10, 541kJ  
Large Sprite®, $4.55, 827kJ  
Chicken McNuggets - 6pc, $6.85, 1090kJ  
Medium 6pc Chicken McNuggets Meal, $11.10, 1090kJ  
Small 6pc Chicken McNuggets Meal, $10.30, 1090kJ  
Large 6pc Chicken McNuggets Meal, $11.90, 1090kJ  
Big Mac, $7.10, 2360kJ  
Medium Big Mac Meal, $11.95, 2360kJ  
Small Big Mac Meal, $11.15, 2360kJ  
Large Big Mac Meal, $12.75, 2360kJ  
Chocolate Shake, $4.50, 1150kJ  
Medium Chocolate Shake, $5.20, 1550kJ  
Large Chocolate Shake, $5.80, 1880kJ  
