Products, Price, Caloire Info 
McCafé - Australiano Chai Coffee , $4.85, 857kJ  
Fries, $2.00, 860kJ  
Medium Fries, $3.40, 1240kJ  
Large Fries, $4.10, 1530kJ  
Frozen Coke®, $1.00, 413kJ  
Sprite® Zero Sugar, $3.35, 8kJ  
Medium Sprite® Zero Sugar, $4.15, 12kJ  
Large Sprite® Zero Sugar, $4.55, 18kJ  
Chicken McNuggets - 6pc, $6.65, 1090kJ  
Medium 6pc Chicken McNuggets Meal, $10.80, 1090kJ  
Small 6pc Chicken McNuggets Meal, $10.00, 1090kJ  
Large 6pc Chicken McNuggets Meal, $11.60, 1090kJ  
Big Mac, $6.85, 2360kJ  
Medium Big Mac Meal, $11.95, 2360kJ  
Small Big Mac Meal, $11.15, 2360kJ  
Large Big Mac Meal, $12.75, 2360kJ  
Chocolate Shake, $4.20, 1150kJ  
Medium Chocolate Shake, $4.90, 1550kJ  
Large Chocolate Shake, $5.60, 1880kJ  
