Products, Price, Caloire Info 
McCafé - Australiano Chai Coffee , $4.85, 857kJ  
Medium Australiano Chai Coffee  McCafé, $5.40, 1310kJ  
Large Australiano Chai Coffee  McCafé, $5.90, 1720kJ  
Fries, $2.00, 860kJ  
Medium Fries, $3.35, 1240kJ  
Large Fries, $4.00, 1530kJ  
Frozen Coke®, $1.00, 413kJ  
Sprite®, $3.20, 378kJ  
Medium Sprite®, $4.00, 541kJ  
Large Sprite®, $4.50, 827kJ  
Chicken McNuggets - 6pc, $6.65, 1090kJ  
Medium 6pc Chicken McNuggets Meal, $10.90, 1090kJ  
Small 6pc Chicken McNuggets Meal, $10.10, 1090kJ  
Large 6pc Chicken McNuggets Meal, $11.70, 1090kJ  
Big Mac, $7.10, 2360kJ  
Medium Big Mac Meal, $11.90, 2360kJ  
Small Big Mac Meal, $11.10, 2360kJ  
Large Big Mac Meal, $12.70, 2360kJ  
Chocolate Shake, $4.20, 1150kJ  
Medium Chocolate Shake, $4.90, 1550kJ  
Large Chocolate Shake, $5.40, 1880kJ  
