Products, Price, Caloire Info 
McCafé - Australiano Chai Coffee , $4.45, 857kJ  
Medium Australiano Chai Coffee  McCafé, $5.20, 1310kJ  
Large Australiano Chai Coffee  McCafé, $5.55, 1720kJ  
Fries, $2.00, 860kJ  
Medium Fries, $3.25, 1240kJ  
Large Fries, $3.95, 1530kJ  
Frozen Coke®, $1.00, 413kJ  
Medium Frozen Coke®, $1.00, 578kJ  
Large Frozen Coke®, $1.00, 779kJ  
Sprite® Zero Sugar, $3.10, 8kJ  
Medium Sprite® Zero Sugar, $3.70, 12kJ  
Large Sprite® Zero Sugar, $4.50, 18kJ  
Chicken McNuggets - 6pc, $6.30, 1090kJ  
Medium 6pc Chicken McNuggets Meal, $10.15, 1090kJ  
Small 6pc Chicken McNuggets Meal, $9.35, 1090kJ  
Large 6pc Chicken McNuggets Meal, $10.95, 1090kJ  
Big Mac, $6.85, 2360kJ  
Medium Big Mac Meal, $12.15, 2360kJ  
Small Big Mac Meal, $11.35, 2360kJ  
Large Big Mac Meal, $12.95, 2360kJ  
Chocolate Shake, $4.30, 1150kJ  
Medium Chocolate Shake, $4.80, 1550kJ  
Large Chocolate Shake, $5.20, 1880kJ  
