Products, Price, Caloire Info 
McCafé - Australiano Chai Coffee , $4.75, 857kJ  
Medium Australiano Chai Coffee  McCafé, $5.35, 1310kJ  
Large Australiano Chai Coffee  McCafé, $5.80, 1720kJ  
Fries, $2.00, 860kJ  
Medium Fries, $3.45, 1240kJ  
Large Fries, $4.15, 1530kJ  
Frozen Coke®, $1.00, 413kJ  
Medium Frozen Coke®, $1.00, 578kJ  
Large Frozen Coke®, $1.00, 779kJ  
Sprite®, $3.35, 378kJ  
Medium Sprite®, $3.95, 541kJ  
Large Sprite®, $4.70, 827kJ  
Chicken McNuggets - 6pc, $6.70, 1090kJ  
Medium 6pc Chicken McNuggets Meal, $11.20, 1090kJ  
Small 6pc Chicken McNuggets Meal, $10.40, 1090kJ  
Large 6pc Chicken McNuggets Meal, $12.00, 1090kJ  
Big Mac, $6.90, 2360kJ  
Medium Big Mac Meal, $12.15, 2360kJ  
Small Big Mac Meal, $11.35, 2360kJ  
Large Big Mac Meal, $12.95, 2360kJ  
Chocolate Shake, $4.45, 1150kJ  
Medium Chocolate Shake, $5.10, 1550kJ  
Large Chocolate Shake, $5.35, 1880kJ  
