Products, Price, Caloire Info 
McCafé - Australiano Chai Coffee , $4.60, 857kJ  
Medium Australiano Chai Coffee  McCafé, $5.25, 1310kJ  
Large Australiano Chai Coffee  McCafé, $5.75, 1720kJ  
Fries, $2.00, 860kJ  
Medium Fries, $3.20, 1240kJ  
Large Fries, $3.70, 1530kJ  
Frozen Coke®, $1.00, 413kJ  
Medium Frozen Coke®, $1.00, 578kJ  
Large Frozen Coke®, $1.00, 779kJ  
Sprite®, $3.30, 378kJ  
Chicken McNuggets - 6pc, $6.50, 1090kJ  
Medium 6pc Chicken McNuggets Meal, $10.65, 1090kJ  
Small 6pc Chicken McNuggets Meal, $9.85, 1090kJ  
Large 6pc Chicken McNuggets Meal, $11.45, 1090kJ  
Big Mac, $6.50, 2360kJ  
Medium Big Mac Meal, $11.90, 2360kJ  
Small Big Mac Meal, $11.10, 2360kJ  
Large Big Mac Meal, $12.70, 2360kJ  
Chocolate Shake, $4.10, 1150kJ  
