Products, Price, Caloire Info 
McCafé - Australiano Chai Coffee , $4.90, 857kJ  
Medium Australiano Chai Coffee  McCafé, $5.50, 1310kJ  
Large Australiano Chai Coffee  McCafé, $5.95, 1720kJ  
Fries, $2.00, 860kJ  
Medium Fries, $3.45, 1240kJ  
Large Fries, $4.15, 1530kJ  
Frozen Coke®, $1.00, 413kJ  
Medium Frozen Coke®, $1.00, 578kJ  
Large Frozen Coke®, $1.00, 779kJ  
Sprite® Zero Sugar, $3.60, 8kJ  
Medium Sprite® Zero Sugar, $4.20, 12kJ  
Large Sprite® Zero Sugar, $4.85, 18kJ  
Chicken McNuggets - 6pc, $6.95, 1090kJ  
Medium 6pc Chicken McNuggets Meal, $11.40, 1090kJ  
Small 6pc Chicken McNuggets Meal, $10.60, 1090kJ  
Large 6pc Chicken McNuggets Meal, $12.20, 1090kJ  
Big Mac, $7.25, 2360kJ  
Medium Big Mac Meal, $12.00, 2360kJ  
Small Big Mac Meal, $11.20, 2360kJ  
Large Big Mac Meal, $12.80, 2360kJ  
Chocolate Shake, $4.55, 1150kJ  
Medium Chocolate Shake, $5.10, 1550kJ  
Large Chocolate Shake, $5.60, 1880kJ  
