Products, Price, Caloire Info 
McCafé - Australiano Chai Coffee , $4.75, 857kJ  
Medium Australiano Chai Coffee  McCafé, $5.40, 1310kJ  
Large Australiano Chai Coffee  McCafé, $5.90, 1720kJ  
Fries, $2.00, 860kJ  
Medium Fries, $3.40, 1240kJ  
Large Fries, $4.00, 1530kJ  
Frozen Coke®, $1.00, 413kJ  
Medium Frozen Coke®, $1.00, 578kJ  
Large Frozen Coke®, $1.00, 779kJ  
Sprite® Zero Sugar, $3.40, 8kJ  
Medium Sprite® Zero Sugar, $4.10, 12kJ  
Large Sprite® Zero Sugar, $4.70, 18kJ  
Chicken McNuggets - 6pc, $6.70, 1090kJ  
Medium 6pc Chicken McNuggets Meal, $11.00, 1090kJ  
Small 6pc Chicken McNuggets Meal, $10.20, 1090kJ  
Large 6pc Chicken McNuggets Meal, $11.80, 1090kJ  
Big Mac, $6.90, 2360kJ  
Medium Big Mac Meal, $12.10, 2360kJ  
Small Big Mac Meal, $11.30, 2360kJ  
Large Big Mac Meal, $12.90, 2360kJ  
Chocolate Shake, $4.25, 1150kJ  
Medium Chocolate Shake, $5.00, 1550kJ  
Large Chocolate Shake, $5.60, 1880kJ  
