Products, Price, Caloire Info 
McCafé - Australiano Chai Coffee , $5.05, 857kJ  
Medium Australiano Chai Coffee  McCafé, $5.55, 1310kJ  
Large Australiano Chai Coffee  McCafé, $6.10, 1720kJ  
Fries, $2.00, 860kJ  
Medium Fries, $3.50, 1240kJ  
Large Fries, $4.15, 1530kJ  
Frozen Coke®, $1.00, 413kJ  
Medium Frozen Coke®, $1.00, 578kJ  
Large Frozen Coke®, $1.00, 779kJ  
Sprite®, $3.65, 378kJ  
Medium Sprite®, $4.20, 541kJ  
Large Sprite®, $4.75, 827kJ  
Chicken McNuggets - 6pc, $7.60, 1090kJ  
Medium 6pc Chicken McNuggets Meal, $11.95, 1090kJ  
Small 6pc Chicken McNuggets Meal, $11.15, 1090kJ  
Large 6pc Chicken McNuggets Meal, $12.75, 1090kJ  
Big Mac, $7.00, 2360kJ  
Medium Big Mac Meal, $12.50, 2360kJ  
Small Big Mac Meal, $11.70, 2360kJ  
Large Big Mac Meal, $13.30, 2360kJ  
Chocolate Shake, $5.15, 1150kJ  
Medium Chocolate Shake, $5.50, 1550kJ  
Large Chocolate Shake, $5.80, 1880kJ  
