Products, Price, Caloire Info 
McCafé - Australiano Chai Coffee , $4.95, 857kJ  
Medium Australiano Chai Coffee  McCafé, $5.45, 1310kJ  
Large Australiano Chai Coffee  McCafé, $6.10, 1720kJ  
Fries, $2.00, 860kJ  
Medium Fries, $3.40, 1240kJ  
Large Fries, $4.00, 1530kJ  
Frozen Coke®, $1.00, 413kJ  
Medium Frozen Coke®, $1.00, 578kJ  
Large Frozen Coke®, $1.00, 779kJ  
Sprite® Zero Sugar, $3.45, 8kJ  
Medium Sprite® Zero Sugar, $4.00, 12kJ  
Large Sprite® Zero Sugar, $4.70, 18kJ  
Chicken McNuggets - 6pc, $6.80, 1090kJ  
Medium 6pc Chicken McNuggets Meal, $11.10, 1090kJ  
Small 6pc Chicken McNuggets Meal, $10.30, 1090kJ  
Large 6pc Chicken McNuggets Meal, $11.90, 1090kJ  
Big Mac, $7.00, 2360kJ  
Medium Big Mac Meal, $11.95, 2360kJ  
Small Big Mac Meal, $11.15, 2360kJ  
Large Big Mac Meal, $12.75, 2360kJ  
Chocolate Shake, $4.40, 1150kJ  
Medium Chocolate Shake, $5.10, 1550kJ  
Large Chocolate Shake, $5.40, 1880kJ  
