Products, Price, Caloire Info 
McCafé - Australiano Chai Coffee , $4.70, 857kJ  
Medium Australiano Chai Coffee  McCafé, $5.45, 1310kJ  
Large Australiano Chai Coffee  McCafé, $5.80, 1720kJ  
Fries, $2.00, 860kJ  
Medium Fries, $3.50, 1240kJ  
Large Fries, $4.10, 1530kJ  
Frozen Coke®, $1.00, 413kJ  
Medium Frozen Coke®, $1.00, 578kJ  
Large Frozen Coke®, $1.00, 779kJ  
Sprite®, $3.20, 378kJ  
Medium Sprite®, $3.95, 541kJ  
Large Sprite®, $4.65, 827kJ  
Chicken McNuggets - 6pc, $6.95, 1090kJ  
Medium 6pc Chicken McNuggets Meal, $10.95, 1090kJ  
Small 6pc Chicken McNuggets Meal, $10.15, 1090kJ  
Large 6pc Chicken McNuggets Meal, $11.75, 1090kJ  
Big Mac, $7.10, 2360kJ  
Medium Big Mac Meal, $11.95, 2360kJ  
Small Big Mac Meal, $11.15, 2360kJ  
Large Big Mac Meal, $12.75, 2360kJ  
Chocolate Shake, $4.25, 1150kJ  
Medium Chocolate Shake, $4.90, 1550kJ  
Large Chocolate Shake, $5.30, 1880kJ  
