Products, Price, Caloire Info 
McCafé - Australiano Chai Coffee , $4.80, 857kJ  
Medium Australiano Chai Coffee  McCafé, $5.35, 1310kJ  
Large Australiano Chai Coffee  McCafé, $5.85, 1720kJ  
Fries, $2.00, 860kJ  
Medium Fries, $3.15, 1240kJ  
Large Fries, $3.80, 1530kJ  
Frozen Coke®, $1.00, 413kJ  
Sprite®, $3.45, 378kJ  
Medium Sprite®, $4.15, 541kJ  
Large Sprite®, $4.55, 827kJ  
Chicken McNuggets - 6pc, $6.70, 1090kJ  
Medium 6pc Chicken McNuggets Meal, $11.30, 1090kJ  
Small 6pc Chicken McNuggets Meal, $10.50, 1090kJ  
Large 6pc Chicken McNuggets Meal, $12.10, 1090kJ  
Big Mac, $6.60, 2360kJ  
Medium Big Mac Meal, $11.90, 2360kJ  
Small Big Mac Meal, $11.10, 2360kJ  
Large Big Mac Meal, $12.70, 2360kJ  
Chocolate Shake, $4.35, 1150kJ  
Medium Chocolate Shake, $4.90, 1550kJ  
Large Chocolate Shake, $5.65, 1880kJ  
