Products, Price, Caloire Info 
McCafé - Australiano Chai Coffee , $4.75, 857kJ  
Medium Australiano Chai Coffee  McCafé, $5.40, 1310kJ  
Large Australiano Chai Coffee  McCafé, $5.80, 1720kJ  
Fries, $2.00, 860kJ  
Medium Fries, $3.30, 1240kJ  
Large Fries, $3.85, 1530kJ  
Frozen Coke®, $1.00, 413kJ  
Sprite®, $3.40, 378kJ  
Medium Sprite®, $3.95, 541kJ  
Large Sprite®, $4.45, 827kJ  
Chicken McNuggets - 6pc, $6.60, 1090kJ  
Medium 6pc Chicken McNuggets Meal, $11.20, 1090kJ  
Small 6pc Chicken McNuggets Meal, $10.40, 1090kJ  
Large 6pc Chicken McNuggets Meal, $12.00, 1090kJ  
Big Mac, $7.10, 2360kJ  
Medium Big Mac Meal, $12.45, 2360kJ  
Small Big Mac Meal, $11.65, 2360kJ  
Large Big Mac Meal, $13.25, 2360kJ  
Chocolate Shake, $4.10, 1150kJ  
Medium Chocolate Shake, $4.80, 1550kJ  
Large Chocolate Shake, $5.55, 1880kJ  
