Products, Price, Caloire Info 
McCafé - Australiano Chai Coffee , $4.80, 857kJ  
Medium Australiano Chai Coffee  McCafé, $5.35, 1310kJ  
Large Australiano Chai Coffee  McCafé, $5.95, 1720kJ  
Fries, $2.00, 860kJ  
Medium Fries, $3.30, 1240kJ  
Large Fries, $4.00, 1530kJ  
Frozen Coke®, $1.00, 413kJ  
Medium Frozen Coke®, $1.00, 578kJ  
Large Frozen Coke®, $1.00, 779kJ  
Sprite® Zero Sugar, $3.45, 8kJ  
Medium Sprite® Zero Sugar, $4.10, 12kJ  
Large Sprite® Zero Sugar, $4.95, 18kJ  
Chicken McNuggets - 6pc, $6.80, 1090kJ  
Medium 6pc Chicken McNuggets Meal, $10.80, 1090kJ  
Small 6pc Chicken McNuggets Meal, $10.00, 1090kJ  
Large 6pc Chicken McNuggets Meal, $11.60, 1090kJ  
Big Mac, $6.85, 2360kJ  
Medium Big Mac Meal, $11.70, 2360kJ  
Small Big Mac Meal, $10.90, 2360kJ  
Large Big Mac Meal, $12.50, 2360kJ  
Chocolate Shake, $4.40, 1150kJ  
Medium Chocolate Shake, $5.00, 1550kJ  
Large Chocolate Shake, $5.50, 1880kJ  
