Products, Price, Caloire Info 
McCafé - Australiano Chai Coffee , $4.85, 857kJ  
Fries, $2.00, 860kJ  
Medium Fries, $3.50, 1240kJ  
Large Fries, $4.10, 1530kJ  
Frozen Coke®, $1.00, 413kJ  
Medium Frozen Coke®, $1.00, 578kJ  
Large Frozen Coke®, $1.00, 779kJ  
Sprite®, $3.65, 378kJ  
Medium Sprite®, $4.20, 541kJ  
Large Sprite®, $4.60, 827kJ  
Chicken McNuggets - 6pc, $6.90, 1090kJ  
Medium 6pc Chicken McNuggets Meal, $11.30, 1090kJ  
Small 6pc Chicken McNuggets Meal, $10.50, 1090kJ  
Large 6pc Chicken McNuggets Meal, $12.10, 1090kJ  
Big Mac, $6.65, 2360kJ  
Medium Big Mac Meal, $11.80, 2360kJ  
Small Big Mac Meal, $11.00, 2360kJ  
Large Big Mac Meal, $12.60, 2360kJ  
Chocolate Shake, $4.85, 1150kJ  
Medium Chocolate Shake, $5.25, 1550kJ  
Large Chocolate Shake, $5.80, 1880kJ  
