Products, Price, Caloire Info 
McCafé - Australiano Chai Coffee , $4.80, 857kJ  
Fries, $2.00, 860kJ  
Medium Fries, $3.30, 1240kJ  
Large Fries, $3.80, 1530kJ  
Frozen Coke®, $1.00, 413kJ  
Medium Frozen Coke®, $1.00, 578kJ  
Large Frozen Coke®, $1.00, 779kJ  
Sprite® Zero Sugar, $3.55, 8kJ  
Medium Sprite® Zero Sugar, $4.00, 12kJ  
Large Sprite® Zero Sugar, $4.45, 18kJ  
Chicken McNuggets - 6pc, $6.85, 1090kJ  
Medium 6pc Chicken McNuggets Meal, $10.95, 1090kJ  
Small 6pc Chicken McNuggets Meal, $10.15, 1090kJ  
Large 6pc Chicken McNuggets Meal, $11.75, 1090kJ  
Big Mac, $6.65, 2360kJ  
Medium Big Mac Meal, $11.90, 2360kJ  
Small Big Mac Meal, $11.10, 2360kJ  
Large Big Mac Meal, $12.70, 2360kJ  
Chocolate Shake, $4.50, 1150kJ  
